{"cameraMode":{"drawMode":0,"name":"Shaded","section":"Shading Mode"},"sceneLighting":true,"audioPlay":false,"sceneViewState":{"m_AlwaysRefresh":false,"showFog":true,"showSkybox":true,"showFlares":true,"showImageEffects":true,"showParticleSystems":true,"showVisualEffectGraphs":true,"m_FxEnabled":true},"in2DMode":false,"pivot":{"x":159.4349365234375,"y":-23.106861114501954,"z":142.6800537109375},"rotation":{"x":0.07351090759038925,"y":-0.9220007061958313,"z":0.31210049986839297,"w":0.21713823080062867},"size":62.00352478027344,"orthographic":false}